IaC_File,Precision,Recall,Fscore,Success_rate,MRR
iiab/roles/4-server-options/tasks/main.yml_(IaC)_,0.14285714285714285,0.3333333333333333,0.2,1.0,0.25
iiab/roles/network/tasks/main.yml_(IaC)_,0.14285714285714285,0.3333333333333333,0.2,1.0,0.14285714285714285
iiab/roles/2-common/tasks/main.yml_(IaC)_,0.14285714285714285,0.3333333333333333,0.2,1.0,0.3333333333333333
