IaC_File,Precision,Recall,Fscore,Success_rate,MRR
puppet-icinga2/manifests/feature/influxdb.pp_(IaC)_,0.1,0.3333333333333333,0.15384615384615383,1.0,0.1
puppet-icinga2/manifests/feature/elasticsearch.pp_(IaC)_,0.1,0.3333333333333333,0.15384615384615383,1.0,0.16666666666666666
puppet-icinga2/manifests/feature/idomysql.pp_(IaC)_,0.1,0.3333333333333333,0.15384615384615383,1.0,0.3333333333333333
puppet-icinga2/manifests/feature/api.pp_(IaC)_,0.1,0.3333333333333333,0.15384615384615383,1.0,0.3333333333333333
