IaC_File,Precision,Recall,Fscore,Success_rate,MRR
puppet-icinga2/manifests/feature/influxdb.pp_(IaC)_,0.2,0.6666666666666666,0.30769230769230765,1.0,0.3333333333333333
puppet-icinga2/manifests/feature/elasticsearch.pp_(IaC)_,0.2,0.6666666666666666,0.30769230769230765,1.0,0.14285714285714285
puppet-icinga2/manifests/feature/idomysql.pp_(IaC)_,0.2,0.6666666666666666,0.30769230769230765,1.0,1.0
puppet-icinga2/manifests/feature/api.pp_(IaC)_,0.2,0.6666666666666666,0.30769230769230765,1.0,1.0
