IaC_File,Precision,Recall,Fscore,Success_rate,MRR
iiab/roles/moodle/tasks/install.yml_(IaC)_,0.14285714285714285,0.25,0.18181818181818182,1.0,0.3333333333333333
iiab/roles/wordpress/tasks/install.yml_(IaC)_,0.2857142857142857,0.5,0.36363636363636365,1.0,1.0
iiab/roles/matomo/tasks/install.yml_(IaC)_,0.2857142857142857,0.5,0.36363636363636365,1.0,0.3333333333333333
iiab/roles/pbx/tasks/freepbx.yml_(IaC)_,0.2857142857142857,0.5,0.36363636363636365,1.0,0.5
iiab/roles/nextcloud/tasks/install.yml_(IaC)_,0.14285714285714285,0.25,0.18181818181818182,1.0,0.16666666666666666
