IaC_File,Precision,Recall,Fscore,Success_rate,MRR
iiab/roles/sugarizer/tasks/main.yml_(IaC)_,0.2857142857142857,0.4,0.3333333333333333,1.0,0.25
iiab/vars/default_vars.yml_(Other)_,0.0,0.0,0.0,0.0,0.0
iiab/roles/mongodb/tasks/main.yml_(IaC)_,0.14285714285714285,0.2,0.16666666666666666,1.0,0.2
iiab/roles/lokole/tasks/main.yml_(IaC)_,0.14285714285714285,0.2,0.16666666666666666,1.0,0.14285714285714285
iiab/roles/moodle/tasks/main.yml_(IaC)_,0.14285714285714285,0.2,0.16666666666666666,1.0,0.5
iiab/roles/7-edu-apps/tasks/main.yml_(IaC)_,0.14285714285714285,0.2,0.16666666666666666,1.0,0.16666666666666666
