IaC_File,Precision,Recall,Fscore,Success_rate,MRR
eyp-systemd/manifests/service.pp_(IaC)_,0.4,0.5714285714285714,0.47058823529411764,1.0,1.0
eyp-systemd/metadata.json_(Other)_,0.0,0.0,0.0,0.0,0.0
eyp-systemd/manifests/sysvwrapper.pp_(IaC)_,0.4,0.5714285714285714,0.47058823529411764,1.0,1.0
eyp-systemd/manifests/service/dropin.pp_(IaC)_,0.4,0.5714285714285714,0.47058823529411764,1.0,1.0
eyp-systemd/manifests/socket.pp_(IaC)_,0.4,0.5714285714285714,0.47058823529411764,1.0,0.16666666666666666
eyp-systemd/manifests/params.pp_(IaC)_,0.3,0.42857142857142855,0.3529411764705882,1.0,0.5
eyp-systemd/manifests/mount.pp_(IaC)_,0.4,0.5714285714285714,0.47058823529411764,1.0,1.0
