IaC_File,Precision,Recall,Fscore,Success_rate,MRR
puppet-icinga2/types/idocleanup.pp_(IaC)_,0.3,1.0,0.4615384615384615,1.0,0.5
puppet-icinga2/examples/init_idomysql.pp_(IaC)_,0.2,0.6666666666666666,0.30769230769230765,1.0,0.14285714285714285
puppet-icinga2/manifests/feature/idopgsql.pp_(IaC)_,0.1,0.3333333333333333,0.15384615384615383,1.0,0.25
puppet-icinga2/manifests/feature/idomysql.pp_(IaC)_,0.1,0.3333333333333333,0.15384615384615383,1.0,0.3333333333333333
