IaC_File,Precision,Recall,Fscore,Success_rate,MRR
ansible-hardening/tasks/rhel7stig/async_tasks.yml_(IaC)_,0.14285714285714285,0.5,0.22222222222222224,1.0,0.25
ansible-hardening/tasks/rhel7stig/rpm.yml_(IaC)_,0.14285714285714285,0.5,0.22222222222222224,1.0,0.3333333333333333
ansible-hardening/tasks/rhel7stig/zypper.yml_(IaC)_,0.14285714285714285,0.5,0.22222222222222224,1.0,0.3333333333333333
