IaC_File,Precision,Recall,Fscore,Success_rate,MRR
puppet-icinga2/manifests/feature/icingadb.pp_(IaC)_,0.42857142857142855,0.5,0.4615384615384615,1.0,0.5
puppet-icinga2/metadata.json_(Other)_,0.0,0.0,0.0,0.0,0.0
puppet-icinga2/manifests/feature/influxdb.pp_(IaC)_,0.2857142857142857,0.3333333333333333,0.30769230769230765,1.0,0.3333333333333333
puppet-icinga2/manifests/feature/elasticsearch.pp_(IaC)_,0.2857142857142857,0.3333333333333333,0.30769230769230765,1.0,0.5
puppet-icinga2/manifests/object/apiuser.pp_(IaC)_,0.0,0.0,0.0,0.0,0.0
puppet-icinga2/manifests/feature/idopgsql.pp_(IaC)_,0.2857142857142857,0.3333333333333333,0.30769230769230765,1.0,0.5
puppet-icinga2/manifests/feature/idomysql.pp_(IaC)_,0.14285714285714285,0.16666666666666666,0.15384615384615383,1.0,0.3333333333333333
